run	hypothesis	strategy	budget_s	metric	value	controls	status	note
LT_B-1	H-LT1 m=3	campaign control_gamma1.5_m3 K=2 P=8 8 restarts seeds 2000-2007	450x4	max excess R/L1-1	-2.02e-07	pass	keep	NO_VIOLATION_FOUND (not a proof)
LT_B-2	H-LT1 m=3	campaign g1.0_embed K=2 P=8 8 restarts seeds 2200-2207	450x4	max excess R/L1-1	-2.75e-06	pass	keep	NO_VIOLATION_FOUND (not a proof)
LT_B-3	H-LT1 m=3	campaign g1.0_random K=2 P=8 8 restarts seeds 2100-2107	450x4	max excess R/L1-1	-1.38e-05	pass	keep	NO_VIOLATION_FOUND (not a proof)
LT_B-4	H-LT1 m=3	campaign g1.0_twist K=2 P=8 8 restarts seeds 2300-2307	450x4	max excess R/L1-1	-8.23e-07	pass	keep	NO_VIOLATION_FOUND (not a proof)
LT_B-5	H-LT1 m=3	campaign g1.25_embed K=2 P=8 8 restarts seeds 2500-2507	450x4	max excess R/L1-1	-1.1e-06	pass	keep	NO_VIOLATION_FOUND (not a proof)
LT_B-6	H-LT1 m=3	campaign g1.25_random K=2 P=8 8 restarts seeds 2400-2407	450x4	max excess R/L1-1	-9.25e-06	pass	keep	NO_VIOLATION_FOUND (not a proof)
LT_B-7	H-LT1 m=3	campaign g1.25_twist K=2 P=8 8 restarts seeds 2600-2607	450x4	max excess R/L1-1	-8.99e-07	pass	keep	NO_VIOLATION_FOUND (not a proof)
LT_B-8	H-LT3 g0.75_m1	second_variation P=8 autograd Hessian + FD	-	lambda_max restricted	2.93e-09	pass	keep	NONPOSITIVE_SECOND_VARIATION; pos=0 confirmed=0 thr=6.84e-07
LT_B-9	H-LT3 g0.75_m2	second_variation P=8 autograd Hessian + FD	-	lambda_max restricted	2.93e-09	pass	keep	NONPOSITIVE_SECOND_VARIATION; pos=0 confirmed=0 thr=6.84e-07
LT_B-10	H-LT3 g0.75_m3	second_variation P=8 autograd Hessian + FD	-	lambda_max restricted	2.93e-09	pass	keep	NONPOSITIVE_SECOND_VARIATION; pos=0 confirmed=0 thr=6.84e-07
LT_B-11	H-LT3 g1.0_m1	second_variation P=8 autograd Hessian + FD	-	lambda_max restricted	3.46e-09	pass	keep	NONPOSITIVE_SECOND_VARIATION; pos=0 confirmed=0 thr=1.11e-06
LT_B-12	H-LT3 g1.0_m2	second_variation P=8 autograd Hessian + FD	-	lambda_max restricted	3.46e-09	pass	keep	NONPOSITIVE_SECOND_VARIATION; pos=0 confirmed=0 thr=1.11e-06
LT_B-13	H-LT3 g1.0_m3	second_variation P=8 autograd Hessian + FD	-	lambda_max restricted	3.46e-09	pass	keep	NONPOSITIVE_SECOND_VARIATION; pos=0 confirmed=0 thr=1.11e-06
LT_B-14	H-LT3 g1.25_m1	second_variation P=8 autograd Hessian + FD	-	lambda_max restricted	3.12e-10	pass	keep	NONPOSITIVE_SECOND_VARIATION; pos=0 confirmed=0 thr=1.85e-06
LT_B-15	H-LT3 g1.25_m2	second_variation P=8 autograd Hessian + FD	-	lambda_max restricted	3.12e-10	pass	keep	NONPOSITIVE_SECOND_VARIATION; pos=0 confirmed=0 thr=1.85e-06
LT_B-16	H-LT3 g1.25_m3	second_variation P=8 autograd Hessian + FD	-	lambda_max restricted	3.12e-10	pass	keep	NONPOSITIVE_SECOND_VARIATION; pos=0 confirmed=0 thr=1.85e-06
LT_B-17	H-LT3 g1.4_m1	second_variation P=8 autograd Hessian + FD	-	lambda_max restricted	1.82e-10	pass	keep	NONPOSITIVE_SECOND_VARIATION; pos=0 confirmed=0 thr=2.66e-06
LT_B-18	H-LT3 g1.4_m2	second_variation P=8 autograd Hessian + FD	-	lambda_max restricted	1.82e-10	pass	keep	NONPOSITIVE_SECOND_VARIATION; pos=0 confirmed=0 thr=2.66e-06
LT_B-19	H-LT3 g1.4_m3	second_variation P=8 autograd Hessian + FD	-	lambda_max restricted	1.82e-10	pass	keep	NONPOSITIVE_SECOND_VARIATION; pos=0 confirmed=0 thr=2.66e-06
LT_B-20	H-LT3 g3.0_m1	second_variation P=8 autograd Hessian + FD	-	lambda_max restricted	0.523	pass	keep	NEGATIVE_CONTROL_PASS; pos=9 confirmed=5 thr=1.97e-05
LT_B-21	H-LT3 g3.0_m2	second_variation P=8 autograd Hessian + FD	-	lambda_max restricted	0.523	pass	keep	NEGATIVE_CONTROL_PASS; pos=27 confirmed=5 thr=1.97e-05
